Molecule1,-4.35
Molecule2,-3.33
Molecule4,-6.09
Molecule5,-3.92
Molecule6,-4.5
Molecule7,-5.04
Molecule8,-3.5
Molecule9,-2.23
Molecule10,-3.19
Molecule11,-2.7
Molecule12,-4.4
Molecule13,-5.6
Molecule14,-3.54
Molecule15,-3.52
Molecule16,-3.21
Molecule17,-2.67
Molecule18,-4.07
Molecule19,-4.45
Molecule20,-3.19
Molecule21,-3.63
Molecule22,-4.93
Molecule23,-3.08
Molecule24,-1.09
Molecule25,-2.55
Molecule26,-2.3
Molecule27,-3.12
Molecule28,-2.52
Molecule30,-2.65
Molecule31,-2.68
Molecule32,-8.4
Molecule33,-2.28
Molecule34,-1.17
Molecule35,-1.68
Molecule36,-2.08
Molecule37,-5.06
Molecule38,-4.43
Molecule39,-3.81
Molecule40,-3.07
Molecule41,-2.37
Molecule42,-1.85
Molecule43,-1.73
Molecule44,-2.89
Molecule45,-1.32
Molecule46,-1.09
Molecule47,-1.5
Molecule48,-2.43
Molecule49,-0.89
Molecule50,-0.79
Molecule51,-1.91
Molecule52,-1.9
Molecule53,-2.38
Molecule54,-2.15
Molecule55,-1.59
Molecule56,-1.71
Molecule57,-1.54
Molecule58,-1.32
Molecule59,-1.32
Molecule60,-9.33
Molecule61,-9.03
Molecule62,-7.8
Molecule63,-8.19
Molecule64,-6.19
Molecule65,-7.87
Molecule66,-8.23
Molecule67,-8.66
Molecule68,-5.26
Molecule69,-8
Molecule70,-8.8
Molecule71,-8.49
Molecule72,-6
Molecule73,-6.74
Molecule74,-8.06
Molecule75,-8.6
Molecule76,-6.35
Molecule77,-3.6
Molecule78,-4.48
Molecule79,-7.11
Molecule80,-4.31
Molecule81,-2.82
Molecule82,-6.68
Molecule83,-8.04
Molecule84,-5.22
Molecule85,-4.91
Molecule86,-5.96
Molecule87,-7.92
Molecule88,-7.92
Molecule89,-7.85
Molecule90,-4.63
Molecule91,-3.04
Molecule92,-4.37
Molecule93,-2.64
Molecule94,-3.1
Molecule95,-3.52
Molecule96,-4.15
Molecule97,-3.27
Molecule98,-2.59
Molecule99,-3.18
Molecule100,-2.1
Molecule101,-1.97
Molecule102,-2.15
Molecule103,-2.15
Molecule104,-6.08
Molecule105,-4.74
Molecule106,-3.3
Molecule107,-4.25
Molecule108,-3.85
Molecule109,-4.47
Molecule110,-4
Molecule111,-5.19
Molecule112,-4.27
Molecule113,-1.64
Molecule114,-3.96
Molecule115,-4.15
Molecule116,-4.36
Molecule117,-5.05
Molecule118,-4.23
Molecule119,-4.15
Molecule120,-3.55
Molecule121,-4.74
Molecule122,-3.66
Molecule123,-4.36
Molecule124,-4.17
Molecule125,-0.4
Molecule126,-4.62
Molecule127,-3.37
Molecule128,-3.03
Molecule129,-1.64
Molecule130,-4.64
Molecule131,-3.01
Molecule132,-4.24
Molecule133,-8.33
Molecule134,-8.17
Molecule135,-8.4
Molecule136,-7.96
Molecule137,-5.88
Molecule138,-5.51
Molecule139,-5.24
Molecule140,-5.05
Molecule141,-5.21
Molecule142,-3.66
Molecule143,-4.53
Molecule144,-4.44
Molecule145,-3.84
Molecule146,-3.73
Molecule147,-4.06
Molecule148,-2.36
Molecule149,-3.18
Molecule150,-3.23
Molecule151,-3.82
Molecule152,-3.82
Molecule153,-2.57
Molecule154,-2.68
Molecule155,-2.68
Molecule156,-4.17
Molecule157,-3.28
Molecule158,-3.21
Molecule159,-6.89
Molecule160,-4.29
Molecule161,-3.75
Molecule162,-3.11
Molecule163,-2.77
Molecule164,-1.99
Molecule165,-1.24
Molecule166,-2.73
Molecule167,-1.94
Molecule168,-1.94
Molecule169,-2.54
Molecule170,-2.54
Molecule171,-2.09
Molecule172,-7.02
Molecule173,-6.57
Molecule174,-7.01
Molecule175,-6.59
Molecule176,-5.85
Molecule177,-6.57
Molecule178,-4.92
Molecule179,-4.14
Molecule180,-4.74
Molecule181,-5.89
Molecule182,-4.29
Molecule183,-3.7
Molecule184,-5.23
Molecule185,-4
Molecule186,-4.72
Molecule187,-4.59
Molecule188,-3.31
Molecule189,-3.2
Molecule190,-2.8
Molecule191,-5.84
Molecule192,-6.96
Molecule193,-4.89
Molecule194,-3.77
Molecule195,-3.4
Molecule196,-2.82
Molecule197,-4.62
Molecule198,-2.77
Molecule199,-2.21
Molecule200,-0.41
Molecule201,-2.4
Molecule202,-2.33
Molecule203,-2.03
Molecule204,-2.56
Molecule205,-1.36
Molecule206,-1.08
Molecule208,0.29
Molecule209,-4.12
Molecule210,-5.08
Molecule211,-5.16
Molecule212,-3.74
Molecule213,-3.68
Molecule214,-3.89
Molecule215,-3.18
Molecule216,-1.87
Molecule217,-3.24
Molecule218,-4.26
Molecule219,-3.76
Molecule220,-3.77
Molecule221,-3.27
Molecule222,-2.55
Molecule223,-2.73
Molecule224,-4.28
Molecule225,-3.65
Molecule226,-4.8
Molecule229,-4.61
Molecule230,-2.88
Molecule231,-2.52
Molecule232,-3.93
Molecule233,-2.61
Molecule242,-4.98
Molecule257,-1.7
Molecule269,-6.14
Molecule270,-2.34
Molecule278,-2.67
Molecule281,-6.14
Molecule282,-5.21
Molecule283,-2.1
Molecule284,-4.24
Molecule285,-1.79
Molecule286,-2.62
Molecule287,-3.78
Molecule288,-3.29
Molecule289,-3.05
Molecule297,-6.27
Molecule300,-2.96
Molecule301,-5.69
Molecule302,-2.21
Molecule303,-5.75
Molecule304,-5.72
Molecule305,-3.18
Molecule306,-3.66
Molecule307,-2.53
Molecule308,-3.79
Molecule311,-2.8
Molecule313,-3.26
Molecule314,-2.47
Molecule315,-2.67
Molecule316,-3.45
Molecule318,-6.02
Molecule319,-6.01
Molecule320,-6.25
Molecule321,-3.59
Molecule322,-1.57
Molecule326,-6.29
Molecule327,-3.08
Molecule328,-2.64
Molecule331,-6.29
Molecule332,-4.92
Molecule333,-6.39
Molecule336,-6.21
Molecule337,-5.25
Molecule338,-3.49
Molecule339,-3.59
Molecule340,-4.46
Molecule341,-3.67
Molecule342,-2.51
Molecule343,-2.45
Molecule344,-1.55
Molecule345,-2.82
Molecule346,-3.24
Molecule347,-3
Molecule348,-4.77
Molecule349,-3.46
Molecule350,-3.8
Molecule351,-4.33
Molecule352,-2.56
Molecule353,-3.52
Molecule354,-1.25
Molecule358,-6.26
Molecule359,-4
Molecule360,-1.3
Molecule361,-5.27
Molecule362,-5.28
Molecule363,-4.54
Molecule364,-4.08
Molecule365,-3.6
Molecule367,-2.34
Molecule368,-3.52
Molecule369,-3.05
Molecule370,-4.38
Molecule371,-1.89
Molecule372,-1.52
Molecule373,-1.4
Molecule374,-2.16
Molecule375,-2.46
Molecule376,-2.22
Molecule377,-1.06
Molecule378,-4.18
Molecule379,-4.18
Molecule380,-4.14
Molecule381,-3.75
Molecule382,-5.23
Molecule383,-5.36
Molecule384,-3.95
Molecule385,-2.83
Molecule386,-4.7
Molecule387,-4.16
Molecule388,-4.4
Molecule389,-5.01
Molecule390,-4.57
Molecule391,-2.86
Molecule392,-2.86
Molecule393,-2.23
Molecule394,-5.09
Molecule395,-2.55
Molecule396,-3.95
Molecule397,-4.48
Molecule398,-4.8
Molecule399,-4.38
Molecule400,-4.93
Molecule401,-1.34
Molecule402,-5.8
Molecule403,-4.88
Molecule404,-3.04
Molecule405,-4.53
Molecule406,-2.59
Molecule407,-1.37
Molecule408,-2.62
Molecule409,-3.38
Molecule410,-2.78
Molecule411,-2.22
Molecule412,-0.7
Molecule413,-6.56
Molecule414,-5.2
Molecule415,-5.93
Molecule417,-5.91
Molecule418,-3.08
Molecule419,-5.84
Molecule420,-3.27
Molecule421,-4.53
Molecule422,-4.62
Molecule423,-3.31
Molecule424,-4.43
Molecule425,-1.66
Molecule426,-2.84
Molecule427,-2.89
Molecule428,-3.9
Molecule429,-2.57
Molecule430,-4.89
Molecule431,-2.29
Molecule432,-2.78
Molecule433,-3.61
Molecule434,-0.7
Molecule435,-5.74
Molecule436,-3.03
Molecule437,-2.38
Molecule440,-2.08
Molecule442,-4.11
Molecule443,-0.87
Molecule444,-0.87
Molecule445,-2.75
Molecule446,-5.67
Molecule447,-4.82
Molecule448,-4.58
Molecule449,-4.41
Molecule450,-4.06
Molecule451,-3.15
Molecule452,-4.55
Molecule453,-3.85
Molecule454,-3.79
Molecule455,-4.43
Molecule456,-1.72
Molecule457,-3.66
Molecule458,-4.95
Molecule459,-5.38
Molecule460,-5.38
Molecule461,-2.87
Molecule462,-2.48
Molecule464,-4.88
Molecule467,-3.39
Molecule468,-2.51
Molecule469,-1.64
Molecule470,-6.29
Molecule471,-8.02
Molecule472,-2.69
Molecule473,-1.96
Molecule474,-1.84
Molecule478,-2
Molecule481,-6.89
Molecule485,-0.22
Molecule487,-2.17
Molecule490,-2.39
Molecule491,-4.37
Molecule492,-3.99
Molecule493,-3.12
Molecule494,-2.73
Molecule495,-2.03
Molecule496,-1.62
Molecule497,-1.47
Molecule498,-1.06
Molecule499,-0.29
Molecule500,-1.12
Molecule501,-1.16
Molecule502,-1.5
Molecule503,-1.06
Molecule504,-1.36
Molecule505,-2
Molecule506,-0.11
Molecule507,-6.34
Molecule508,-0.63
Molecule509,-0.09
Molecule510,-4.19
Molecule511,-3.26
Molecule512,-2.73
Molecule513,-2.48
Molecule514,-0.02
Molecule515,0.93
Molecule516,-1.5
Molecule517,-1.75
Molecule518,-3.77
Molecule519,-2.63
Molecule520,-2.63
Molecule521,-1.96
Molecule522,-1.92
Molecule523,-1.6
Molecule524,-1.41
Molecule525,-2.7
Molecule526,-2.68
Molecule527,-2.4
Molecule528,-1.48
Molecule529,-5.03
Molecule530,-1.29
Molecule534,-1.17
Molecule535,-1.62
Molecule536,-5.03
Molecule537,-2.15
Molecule538,-1.3
Molecule539,-1.3
Molecule540,0.52
Molecule541,-4.08
Molecule542,-2.6
Molecule544,-6.02
Molecule547,-7.34
Molecule548,-4.49
Molecule549,-1.8
Molecule550,-3.37
Molecule551,-4.32
Molecule552,-3.43
Molecule553,-4.1
Molecule554,-4.71
Molecule555,-4.9
Molecule556,-4.9
Molecule557,-3.64
Molecule558,-5.61
Molecule559,-4.13
Molecule560,-3.69
Molecule561,-2
Molecule562,-2.54
Molecule563,-4.43
Molecule564,-1.97
Molecule565,-1.78
Molecule566,-1.8
Molecule567,-1.07
Molecule568,-0.97
Molecule569,-3.04
Molecule571,-4.21
Molecule572,-3.59
Molecule573,-1.6
Molecule574,-4.15
Molecule575,-4.52
Molecule576,-5.3
Molecule577,-8
Molecule578,-4.44
Molecule579,-8.4
Molecule580,-4.05
Molecule581,-4.04
Molecule582,-1.47
Molecule583,-4.36
Molecule584,-4.17
Molecule585,-3.43
Molecule586,-2.51
Molecule587,0.3
Molecule589,-8.18
Molecule590,-3.24
Molecule591,-3.8
Molecule592,-4.8
Molecule593,-6.88
Molecule594,-4.55
Molecule595,-5.22
Molecule596,-2.86
Molecule597,-3.61
Molecule598,-3.31
Molecule599,-6.62
Molecule600,-3.54
Molecule601,-4.21
Molecule602,-2.73
Molecule603,-3.55
Molecule604,-3.27
Molecule605,-4.56
Molecule606,-4.03
Molecule607,-3.13
Molecule608,-3.25
Molecule609,-2.78
Molecule612,-4.81
Molecule613,-2.96
Molecule614,-2.29
Molecule615,-0.43
Molecule616,-1.6
Molecule617,-2.34
Molecule618,-1
Molecule619,-2.09
Molecule620,-3.22
Molecule621,-3.22
Molecule622,-1.32
Molecule623,-1.99
Molecule624,-2.68
Molecule625,-3.97
Molecule626,-2.78
Molecule627,-3.36
Molecule628,-5.54
Molecule629,-5.54
Molecule630,-1.94
Molecule631,-1.2
Molecule632,-2.54
Molecule633,-1.87
Molecule634,-3.67
Molecule635,-3.04
Molecule636,-2.16
Molecule637,-5.4
Molecule638,-1.94
Molecule639,-3.93
Molecule640,-2.42
Molecule641,-1.3
Molecule642,-4.19
Molecule643,-3.66
Molecule644,-4.75
Molecule645,-3.68
Molecule646,-3.67
Molecule647,-2.68
Molecule648,-2.09
Molecule649,-2.09
Molecule650,-3.32
Molecule651,-3.32
Molecule652,-1.52
Molecule653,-3.28
Molecule654,-1.87
Molecule655,-2.82
Molecule656,-0.48
Molecule657,-1.91
Molecule658,-2.23
Molecule659,-0.02
Molecule660,-4.55
Molecule661,-3.36
Molecule662,0.06
Molecule663,-0.91
Molecule664,-3.19
Molecule665,-3.32
Molecule666,-4.87
Molecule667,-5.15
Molecule668,-2.86
Molecule669,-2.62
Molecule670,-0.12
Molecule671,-1.11
Molecule672,-1.95
Molecule673,0.02
Molecule674,-0.47
Molecule675,-1.11
Molecule676,0.06
Molecule677,-1.14
Molecule678,-1.95
Molecule679,-1.23
Molecule680,-1.39
Molecule681,-3.68
Molecule682,-2.68
Molecule683,0.38
Molecule684,0.38
Molecule685,0.4
Molecule686,0.45
Molecule687,-1.42
Molecule688,0.51
Molecule689,1.02
Molecule690,-3.14
Molecule691,-4.11
Molecule692,-1.89
Molecule693,1
Molecule694,-1.42
Molecule695,0.23
Molecule696,-3.46
Molecule697,-3.46
Molecule698,-0.17
Molecule699,-2.07
Molecule700,0.81
Molecule701,-3.64
Molecule702,-2.15
Molecule703,-2.98
Molecule704,1
Molecule705,0.72
Molecule706,-1.45
Molecule707,-1.89
Molecule708,0.36
Molecule709,0.38
Molecule710,0.96
Molecule711,-0.46
Molecule712,-0.84
Molecule713,-0.46
Molecule714,0.79
Molecule715,-1.55
Molecule716,-2.63
Molecule717,-2.76
Molecule718,-3.07
Molecule719,-1.54
Molecule720,1.02
Molecule721,0.76
Molecule722,-0.17
Molecule723,-0.97
Molecule724,-2.52
Molecule725,-1.23
Molecule726,-4.74
Molecule727,-2.6
Molecule728,1.1
Molecule729,-1.16
Molecule730,-3.37
Molecule731,0.96
Molecule732,-0.8
Molecule733,-4.88
Molecule734,-4.59
Molecule735,-1.56
Molecule736,-2.23
Molecule737,-2.74
Molecule738,-2.92
Molecule739,-7.42
Molecule740,-4.97
Molecule741,-2.57
Molecule742,-1.23
Molecule743,-2.07
Molecule744,-2.42
Molecule745,-1.52
Molecule746,-2.14
Molecule747,-2.12
Molecule748,-3.93
Molecule749,-2.61
Molecule750,-3.93
Molecule751,-2.93
Molecule752,-2.34
Molecule753,0.3
Molecule754,-1.13
Molecule755,-6.52
Molecule756,-6.3
Molecule757,-5.89
Molecule758,-4.68
Molecule759,-5.07
Molecule760,-4.91
Molecule761,-4.47
Molecule762,-4.1
Molecule763,0.36
Molecule764,-1.04
Molecule765,1.07
Molecule766,1.15
Molecule767,1.07
Molecule768,1.07
Molecule769,-2.6
Molecule770,1.06
Molecule771,-0.4
Molecule772,-0.83
Molecule773,-2.64
Molecule774,-1.5
Molecule775,-1.5
Molecule776,-0.45
Molecule777,0.74
Molecule778,0.49
Molecule779,-0.17
Molecule780,-1.61
Molecule781,-0.06
Molecule782,-1.6
Molecule783,-1.39
Molecule784,-2.29
Molecule785,-3.58
Molecule786,-2.12
Molecule787,-3.4
Molecule788,-0.53
Molecule789,-1.96
Molecule790,-1.96
Molecule791,-1.52
Molecule792,-1.46
Molecule793,-2.29
Molecule794,0.59
Molecule795,-1.48
Molecule796,-1.14
Molecule797,-3.88
Molecule798,-3.36
Molecule799,-1.96
Molecule800,-0.4
Molecule801,-1.89
Molecule802,-1.65
Molecule803,-2.35
Molecule804,-3.06
Molecule805,-3.17
Molecule806,-2.98
Molecule807,-1.64
Molecule808,-2.57
Molecule809,-2.32
Molecule810,-2.64
Molecule811,-2.7
Molecule812,-2.17
Molecule813,-3
Molecule814,-1.39
Molecule815,-2.25
Molecule816,-1.61
Molecule817,-1.23
Molecule818,-2.18
Molecule819,-2.06
Molecule820,-1.16
Molecule821,-1.74
Molecule822,-2.52
Molecule823,-2.36
Molecule824,-2.39
Molecule825,-2.02
Molecule826,-2.21
Molecule827,-2.59
Molecule828,-1.71
Molecule829,-2.77
Molecule830,-1.99
Molecule831,-1.25
Molecule832,-3.03
Molecule833,-1.26
Molecule834,-1.93
Molecule835,-2.16
Molecule836,-2.38
Molecule837,-2.27
Molecule838,0.52
Molecule839,-0.78
Molecule840,-3.54
Molecule841,-3.73
Molecule842,-3.81
Molecule843,-3.27
Molecule844,-2.09
Molecule845,0.71
Molecule846,-0.63
Molecule847,-0.62
Molecule848,1.1
Molecule849,-5.51
Molecule850,-0.07
Molecule851,-3.54
Molecule853,-4.47
Molecule854,-5.47
Molecule855,-5.53
Molecule856,-5.68
Molecule858,-6.12
Molecule859,-6.49
Molecule860,-1.46
Molecule861,-3.38
Molecule862,-3.22
Molecule863,-5.16
Molecule864,-3.48
Molecule865,-3
Molecule866,-4.04
Molecule867,-2.82
Molecule868,-4.76
Molecule869,-2.33
Molecule870,-2.55
Molecule871,-3.1
Molecule872,-1.96
Molecule873,-1.91
Molecule874,-1.96
Molecule875,-1.74
Molecule876,-3.8
Molecule877,-3.5
Molecule878,-3.8
Molecule879,-3.2
Molecule880,-4.7
Molecule881,-4.31
Molecule882,-2.89
Molecule883,-2.44
Molecule884,-2.77
Molecule885,-1.68
Molecule886,-2.29
Molecule887,-2.19
Molecule888,-1.01
Molecule889,-2.49
Molecule890,-2.11
Molecule891,-2.92
Molecule892,-2.8
Molecule893,-3.39
Molecule894,-2.37
Molecule895,-2.69
Molecule896,-5.46
Molecule897,-2.41
Molecule898,-0.74
Molecule899,-4.66
Molecule900,-3.68
Molecule901,-1.8
Molecule902,-2.28
Molecule903,-2.81
Molecule904,-1.26
Molecule905,-2.19
Molecule906,-3.38
Molecule907,-2.19
Molecule908,-3.22
Molecule909,-2
Molecule910,-0.8
Molecule911,-0.22
Molecule912,0.26
Molecule913,-0.62
Molecule914,-1.37
Molecule915,-2.63
Molecule916,-2.22
Molecule917,-4.61
Molecule918,-4.61
Molecule919,-2.16
Molecule920,-2.38
Molecule921,0.59
Molecule922,-3.12
Molecule923,-1.42
Molecule924,-3.14
Molecule925,-2.87
Molecule926,-2.38
Molecule927,-1
Molecule928,0.28
Molecule929,-0.96
Molecule930,-0.96
Molecule931,0.26
Molecule932,0.15
Molecule933,-0.77
Molecule934,-6.03
Molecule935,-3.12
Molecule936,-2.28
Molecule937,-4.46
Molecule938,-3.4
Molecule939,-3.4
Molecule940,-2.64
Molecule941,-3.7
Molecule942,-1.4
Molecule943,-3.84
Molecule944,-2.71
Molecule945,-0.73
Molecule946,-3.84
Molecule947,-3.03
Molecule948,-0.14
Molecule949,-1.76
Molecule950,-3.57
Molecule951,-0.95
Molecule952,-3.35
Molecule953,-2.36
Molecule954,-1.92
Molecule955,-2.24
Molecule956,-1.95
Molecule957,-3.36
Molecule958,0.84
Molecule959,-2.34
Molecule960,-2.34
Molecule961,1.11
Molecule962,-2.98
Molecule963,0.94
Molecule964,-2.93
Molecule965,-3.54
Molecule966,-4.16
Molecule967,-1.6
Molecule968,-0.85
Molecule969,-5.47
Molecule970,-5.47
Molecule971,-1.6
Molecule972,-6.2
Molecule973,-1.92
Molecule974,-4.22
Molecule975,-2.35
Molecule976,-0.85
Molecule977,-1.52
Molecule978,-0.42
Molecule979,-0.72
Molecule980,-5.17
Molecule981,-0.85
Molecule982,-1.28
Molecule983,-2.7
Molecule984,-2.3
Molecule985,-1.21
Molecule986,-2.63
Molecule987,-1.61
Molecule988,-5.4
Molecule989,-4.6
Molecule990,-3.95
Molecule991,-3.26
Molecule992,-3.08
Molecule993,-2.33
Molecule994,-2.62
Molecule995,-1.59
Molecule996,-0.4
Molecule997,-0.38
Molecule998,-0.8
Molecule999,-0.41
Molecule1000,-3.21
Molecule1001,-3.21
Molecule1002,-2.4
Molecule1003,-2.1
Molecule1004,-2.86
Molecule1005,-1.28
Molecule1006,-2.12
Molecule1007,-1.53
Molecule1008,-1.12
Molecule1009,-2.7
Molecule1010,-2.75
Molecule1011,-1.85
Molecule1012,-1.1
Molecule1013,-1.71
Molecule1014,-0.48
Molecule1015,-1.6
Molecule1016,-2.57
Molecule1017,-1.23
Molecule1018,-0.55
Molecule1019,0.31
Molecule1020,-0.74
Molecule1021,1.08
Molecule1022,-0.09
Molecule1023,-0.31
Molecule1024,-2.92
Molecule1025,-1.76
Molecule1026,-0.96
Molecule1027,0.61
Molecule1028,-0.91
Molecule1029,1.58
Molecule1030,0.96
Molecule1031,0.96
Molecule1032,0.1
Molecule1033,-0.35
Molecule1034,-1.67
Molecule1035,-0.8
Molecule1036,-3.3
Molecule1037,-2.62
Molecule1038,-1.92
Molecule1039,-1.47
Molecule1040,-0.66
Molecule1041,0.85
Molecule1042,-0.3
Molecule1043,-0.99
Molecule1044,0.97
Molecule1045,-3.78
Molecule1046,-2.24
Molecule1047,-2.09
Molecule1048,-4.8
Molecule1049,-4.63
Molecule1050,-1.58
Molecule1051,-0.98
Molecule1052,-2.37
Molecule1053,-2.17
Molecule1054,-1.3
Molecule1055,-1.91
Molecule1056,-1.03
Molecule1057,-3.51
Molecule1058,-0.68
Molecule1059,-3.59
Molecule1060,-3.3
Molecule1061,-2.56
Molecule1062,-1.92
Molecule1063,-1.33
Molecule1064,-3.15
Molecule1065,-3.01
Molecule1066,-2.36
Molecule1067,-4.11
Molecule1068,-0.5
Molecule1069,-3.24
Molecule1070,-1.22
Molecule1071,-0.95
Molecule1072,-1.44
Molecule1073,-0.46
Molecule1074,-4.7
Molecule1075,-3.27
Molecule1076,-1.7
Molecule1077,-3.02
Molecule1078,-1.83
Molecule1079,-1.51
Molecule1080,-1.68
Molecule1081,-5.15
Molecule1082,-2.88
Molecule1083,-1.28
Molecule1084,1.13
Molecule1085,-2.8
Molecule1086,-3.28
Molecule1087,-1.57
Molecule1088,-2.86
Molecule1089,-2.05
Molecule1090,-4.24
Molecule1091,-2.58
Molecule1092,-1.8
Molecule1093,-1.8
Molecule1094,-2.08
Molecule1095,-2.48
Molecule1096,-0.42
Molecule1097,-2.27
Molecule1098,-0.9
Molecule1099,0.07
Molecule1100,1.34
Molecule1101,0.01
Molecule1102,-2.33
Molecule1103,-2.92
Molecule1104,-2.46
Molecule1105,-0.74
Molecule1106,-3.04
Molecule1107,1.12
Molecule1108,-0.2
Molecule1109,-3.75
Molecule1110,-0.96
Molecule1111,-0.85
Molecule1112,-4.45
Molecule1113,-4.45
Molecule1114,-1.84
Molecule1115,-4.6
Molecule1116,-2.4
Molecule1117,-2.93
Molecule1118,-3.66
Molecule1119,-4.31
Molecule1120,-1.89
Molecule1121,-2.84
Molecule1122,-3.66
Molecule1123,-3.89
Molecule1124,-3.89
Molecule1125,-5.31
Molecule1126,-1.64
Molecule1127,-3.85
Molecule1128,-4.42
Molecule1129,-3.09
Molecule1130,-0.27
Molecule1131,-2.94
Molecule1132,-7.32
Molecule1133,-7.32
Molecule1134,-2.9
Molecule1135,-1.39
Molecule1136,-0.41
Molecule1137,0.79
Molecule1138,0.64
Molecule1139,-0.1
Molecule1140,-0.48
Molecule1141,0.64
Molecule1142,-1.89
Molecule1143,-2.7
Molecule1144,-1.9
Molecule1145,1.07
Molecule1146,0.56
Molecule1147,-0.03
Molecule1148,1.05
Molecule1149,-1.63
Molecule1150,-1.6
Molecule1151,-0.59
Molecule1152,-3.62
Molecule1153,0.11
Molecule1154,-6.01
Molecule1155,-4.08
Molecule1156,-5.29
Molecule1157,-0.82
Molecule1158,-0.74
Molecule1159,-0.85
Molecule1160,-0.24
Molecule1161,0.74
Molecule1162,0.39
Molecule1163,-3.57
Molecule1164,-3.08
Molecule1165,-1.99
Molecule1166,-5.19
Molecule1167,-1.85
Molecule1168,-3.48
Molecule1169,-3.69
Molecule1170,-5.28
Molecule1171,-5.35
Molecule1172,-3.48
Molecule1173,-6.7
Molecule1174,-4.79
Molecule1175,-1.72
Molecule1176,-1.06
Molecule1177,-5.27
Molecule1178,-4.43
Molecule1179,-0.6
Molecule1180,-1.87
Molecule1181,-2.06
Molecule1182,-4.11
Molecule1183,-4.85
Molecule1184,-0.94
Molecule1185,-2.18
Molecule1186,-2.49
Molecule1187,-3.96
Molecule1188,-3.15
Molecule1189,-2.85
Molecule1190,-0.99
Molecule1191,-3.03
Molecule1192,-5.37
Molecule1193,-5.18
Molecule1194,-4.46
Molecule1195,-1.67
Molecule1196,-3.12
Molecule1197,-1.63
Molecule1198,-0.72
Molecule1199,-3.31
Molecule1200,-2.58
Molecule1201,-2.05
Molecule1202,-1.42
Molecule1203,-2.59
Molecule1204,-1.56
Molecule1205,-0.8
Molecule1206,-5.19
Molecule1207,-5.19
Molecule1208,-1.3
Molecule1209,-0.83
Molecule1210,-0.19
Molecule1211,-0.83
Molecule1212,-1.33
Molecule1213,-1.83
Molecule1214,-0.28
Molecule1215,0.52
Molecule1216,-1.6
Molecule1217,-1.42
Molecule1218,0.22
Molecule1219,-1.28
Molecule1220,-0.24
Molecule1221,-0.88
Molecule1222,-0.67
Molecule1223,-0.12
Molecule1224,-1.3
Molecule1225,-5.24
Molecule1226,-8.6
Molecule1227,-5.11
Molecule1228,-6.14
Molecule1229,-2.46
Molecule1230,-6.64
Molecule1231,-1.28
Molecule1232,-1.89
Molecule1233,-1.85
Molecule1234,-0.99
Molecule1235,-1.37
Molecule1236,-5.64
Molecule1237,-4.4
Molecule1238,-2.72
Molecule1239,-3.48
Molecule1240,-3.9
Molecule1241,-1.24
Molecule1242,-1.62
Molecule1243,-0.66
Molecule1244,-0.39
Molecule1245,-0.49
Molecule1246,-1.78
Molecule1247,-2.67
Molecule1248,-1.92
Molecule1249,-0.82
Molecule1250,-0.72
Molecule1251,-1.52
Molecule1252,-3.16
Molecule1253,-1.92
Molecule1254,-0.77
Molecule1255,-0.71
Molecule1256,-0.42
Molecule1257,-2.33
Molecule1258,-0.09
Molecule1259,-0.85
Molecule1260,0.15
Molecule1261,-2.35
Molecule1262,-2.35
Molecule1263,-2.32
Molecule1264,-4.1
Molecule1265,-3.8
Molecule1266,-3.39
Molecule1267,-2.71
Molecule1268,-2.31
Molecule1269,-1.75
Molecule1270,-1.28
Molecule1271,-0.96
Molecule1272,-0.66
Molecule1273,-0.82
Molecule1274,-0.04
Molecule1275,-0.74
Molecule1276,-3
Molecule1277,-3
Molecule1278,-6.96
Molecule1279,-3.13
Molecule1280,-1.01
Molecule1281,-4.66
Molecule1282,-1.21
Molecule1283,-1.21
Molecule1284,-4.63
Molecule1285,-1.1
Molecule1286,0.48
Molecule1287,-1.92
Molecule1288,-1.56
Molecule1289,-2.05
Molecule1290,-1.96
Molecule1291,-4.16
Molecule1292,-2.92
Molecule1293,-1.49
Molecule1294,-3.13
Molecule1295,-3.13
Molecule1296,-2.41
Molecule1297,-1.85
Molecule1298,0.58
Molecule1299,-1.66
Molecule1300,-2.34
Molecule1301,-1.24
Molecule1302,-1.78
Molecule1303,-1.85
Molecule1304,-1.2
Molecule1305,-0.8
Molecule1306,-4.69
Molecule1307,-4.63
Molecule1308,-3.38
Molecule1309,-3.39
Molecule1310,-2
Molecule1311,-1.36
Molecule1312,-0.82
Molecule1313,-0.14
Molecule1314,0.52
Molecule1315,-0.22
Molecule1316,-1.19
Molecule1317,-3.17
Molecule1318,-2.36
Molecule1319,-1.7
Molecule1320,-1.3
Molecule1321,-0.85
Molecule1322,-0.01
Molecule1323,0.58
Molecule1324,-0.6
Molecule1325,-1.34
Molecule1326,-0.55
Molecule1327,-0.06
Molecule1328,-1.1
Molecule1329,-0.63
Molecule1330,-0.55
Molecule1331,0.57
Molecule1332,-2.13
Molecule1333,-1.52
Molecule1334,0.32
Molecule1335,-2.06
Molecule1336,0.32
Molecule1337,-2.46
Molecule1338,-0.43
Molecule1339,-2.92
Molecule1340,-4.73
Molecule1341,-2.78
Molecule1342,-2.22
Molecule1343,-4
Molecule1344,-3.11
Molecule1345,-5.66
Molecule1346,-3.99
Molecule1347,-4.71
Molecule1348,-5.51
Molecule1349,-4.3
Molecule1350,-2.97
Molecule1351,-4.57
Molecule1352,-4.3
Molecule1353,-4.58
Molecule1354,-4.37
Molecule1355,-3.21
Molecule1356,-2.99
Molecule1357,-4.57
Molecule1358,-1.43
Molecule1359,-2.05
Molecule1360,-1.16
Molecule1361,-1.19
Molecule1362,-1.54
Molecule1363,-2.22
Molecule1364,-2.08
Molecule1365,-2.59
Molecule1366,-1.31
Molecule1367,-2.39
Molecule1368,-1.36
Molecule1369,-0.62
Molecule1370,-0.86
Molecule1371,-1.82
Molecule1372,0.62
Molecule1373,-5.24
Molecule1374,-5.28
Molecule1375,-3.96
Molecule1376,-1.99
Molecule1377,-2.28
Molecule1378,-1.41
Molecule1379,-1.4
Molecule1380,-0.68
Molecule1381,0.81
Molecule1382,-3.48
Molecule1383,-2.82
Molecule1384,-2.41
Molecule1385,-0.7
Molecule1386,-4.95
Molecule1387,-4.43
Molecule1388,-0.96
Molecule1389,-1.41
Molecule1390,-4.07
Molecule1391,-4.35
Molecule1392,-4.95
Molecule1393,-0.17
Molecule1394,0
Molecule1395,-1.73
Molecule1396,-2.32
Molecule1397,-4.02
Molecule1398,-4.74
Molecule1399,-3.37
Molecule1400,-3.95
Molecule1401,-4.35
Molecule1402,-4.84
Molecule1403,-4.95
Molecule1404,-3.59
Molecule1405,-3.82
Molecule1406,-4.35
Molecule1407,-3.64
Molecule1408,-3.24
Molecule1409,-3.85
Molecule1410,-4.16
Molecule1411,-4.12
Molecule1412,-4.65
Molecule1413,-0.44
Molecule1414,-0.88
Molecule1415,-1.29
Molecule1416,-0.88
Molecule1417,-2.53
Molecule1418,-2.47
Molecule1419,-0.17
Molecule1420,0.35
Molecule1421,-2.21
Molecule1422,-1.27
Molecule1423,-0.72
Molecule1424,-1.72
Molecule1425,-1.6
Molecule1426,-1.08
Molecule1427,-1
Molecule1428,-0.49
Molecule1429,-1.99
Molecule1430,-0.85
Molecule1431,-0.38
Molecule1432,0.08
Molecule1433,-0.92
Molecule1434,0.51
Molecule1435,-0.89
Molecule1436,-0.85
Molecule1437,-0.41
Molecule1438,-0.29
Molecule1439,-1.2
Molecule1440,-0.4
Molecule1441,-1.52
Molecule1442,-1.04
Molecule1443,-0.4
Molecule1444,-0.74
Molecule1445,-0.5
Molecule1446,-1.38
Molecule1447,-1.55
Molecule1448,-8.4
Molecule1449,-7.26
Molecule1450,-6.35
Molecule1451,-6.05
Molecule1452,-4.67
Molecule1453,-3.63
Molecule1454,-3.01
Molecule1455,-2.39
Molecule1456,-1.81
Molecule1457,-1.24
Molecule1458,-0.6
Molecule1459,0
Molecule1460,-0.15
Molecule1461,-1.14
Molecule1462,0.62
Molecule1463,-0.72
Molecule1464,-0.52
Molecule1465,1.1
Molecule1466,-0.93
Molecule1467,-2.11
Molecule1468,-1.11
Molecule1469,-1.17
Molecule1470,-0.47
Molecule1471,-1.6
Molecule1472,0.04
Molecule1473,-0.39
Molecule1474,-2.46
Molecule1475,-3.75
Molecule1476,1.57
Molecule1477,-2.55
Molecule1478,-2.85
Molecule1479,-1.15
Molecule1480,-0.62
Molecule1481,-2.52
Molecule1482,-2.94
Molecule1483,-2.74
Molecule1484,-2.09
Molecule1485,-1.98
Molecule1486,-1.55
Molecule1487,-1.47
Molecule1488,-0.89
Molecule1489,-1.4
Molecule1490,-0.8
Molecule1491,-0.29
Molecule1492,-0.59
Molecule1493,-1.38
Molecule1494,-0.24
Molecule1495,0.43
Molecule1496,-0.8
Molecule1497,1.12
Molecule1498,-0.92
Molecule1499,0.43
Molecule1500,-1.72
Molecule1501,-0.72
Molecule1502,-0.54
Molecule1503,-0.7
Molecule1504,-0.2
Molecule1505,-1.22
Molecule1506,-1.93
Molecule1507,0.7
Molecule1508,1.09
Molecule1509,-3.8
Molecule1510,-1.42
Molecule1511,-2.28
Molecule1512,-2.06
Molecule1513,-2.11
Molecule1514,-2.14
Molecule1515,-2.6
Molecule1516,-1.55
Molecule1517,-1.45
Molecule1518,-0.29
Molecule1519,-2.06
Molecule1520,0.01
Molecule1521,-2.65
Molecule1522,-0.89
Molecule1523,-1.41
Molecule1524,-5.68
Molecule1525,-6.81
Molecule1526,-4.31
Molecule1527,-5.33
Molecule1528,-4.62
Molecule1529,-3.55
Molecule1530,-3.44
Molecule1531,-3.4
Molecule1532,-2.75
Molecule1533,-1.89
Molecule1534,-2.3
Molecule1535,-1.06
Molecule1536,-0.82
Molecule1537,1
Molecule1538,-0.19
Molecule1539,-5.06
Molecule1540,-0.2
Molecule1541,1.22
Molecule1542,-3.22
Molecule1543,-1.86
Molecule1544,-0.81
Molecule1545,-3.7
Molecule1546,-3.99
Molecule1547,0.28
Molecule1548,-2.48
Molecule1549,-1.77
Molecule1550,-2.48
Molecule1551,-1.77
Molecule1552,0.38
Molecule1553,-6.7
Molecule1554,-6.01
Molecule1555,0.43
Molecule1556,0.65
Molecule1557,-4.38
Molecule1558,-3.94
Molecule1559,-3.98
Molecule1560,-4.22
Molecule1561,-4.74
Molecule1562,-4.3
Molecule1563,-4.26
Molecule1564,-5.41
Molecule1565,-2.07
Molecule1566,-3.71
Molecule1567,-2.59
Molecule1568,-2.64
Molecule1569,-3.14
Molecule1570,-2.43
Molecule1571,-1.77
Molecule1572,-2.13
Molecule1573,-2.39
Molecule1574,-1.47
Molecule1575,-1.45
Molecule1576,-1.5
Molecule1577,-3.68
Molecule1578,-4.87
Molecule1579,-3.18
Molecule1580,-0.36
Molecule1581,-1.88
Molecule1582,-2.68
Molecule1583,-4.16
Molecule1584,-1.64
Molecule1585,-6.24
Molecule1586,-4.28
Molecule1587,-4.71
Molecule1588,-4.63
Molecule1589,-2.36
Molecule1590,-2.71
Molecule1591,-3.36
Molecule1592,-3.46
Molecule1593,-0.71
Molecule1594,-2.77
Molecule1595,-2.26
Molecule1596,-2.15
Molecule1597,-2.43
Molecule1598,-3.93
Molecule1599,-2.58
Molecule1600,-3.35
Molecule1601,-0.42
Molecule1602,-1.35
Molecule1603,-1.35
Molecule1604,-2.09
Molecule1605,-1.34
Molecule1606,-3.4
Molecule1607,-3.68
Molecule1608,-1.62
Molecule1609,-4.57
Molecule1610,-2.39
Molecule1611,-1.55
Molecule1612,-1.76
Molecule1613,-1.55
Molecule1614,-2.36
Molecule1615,-2.68
Molecule1616,-2.93
Molecule1617,-4
Molecule1618,-3.04
Molecule1619,-4.1
Molecule1620,-2.25
Molecule1621,-0.45
Molecule1622,0.11
Molecule1623,-2.24
Molecule1624,-4.6
Molecule1625,0.32
Molecule1626,-1.77
Molecule1627,-1.46
Molecule1628,-2.12
Molecule1629,-2.71
Molecule1630,-2.77
Molecule1631,-2.45
Molecule1632,-2.26
Molecule1633,-2.43
Molecule1634,-2.36
Molecule1635,-2.27
Molecule1636,-0.13
Molecule1637,-2.18
Molecule1638,-0.6
Molecule1639,-4.71
Molecule1641,-1.98
Molecule1642,-2.3
Molecule1643,-3.59
Molecule1644,-2.82
Molecule1645,0.04
Molecule1646,-3.59
Molecule1647,-4.16
Molecule1648,-2.02
Molecule1649,-1.74
Molecule1650,-1.36
Molecule1651,-1.61
Molecule1652,-1.56
Molecule1653,-3.81
Molecule1654,-2.36
Molecule1655,-1.83
Molecule1656,-2.85
Molecule1657,-2.27
Molecule1658,-2.44
Molecule1659,-2.82
Molecule1660,-2.58
Molecule1661,-2.7
Molecule1662,-3.51
Molecule1663,-3.7
Molecule1664,-2.24
Molecule1665,-2.54
Molecule1666,-2.96
Molecule1667,-3.28
Molecule1668,-2.32
Molecule1669,-2.62
Molecule1670,-2.91
Molecule1671,-2.43
Molecule1672,-3.74
Molecule1673,-1.94
Molecule1674,-2.41
Molecule1675,-4.2
Molecule1676,-1.99
Molecule1677,-1.23
Molecule1678,-4.21
Molecule1679,-2.06
Molecule1680,-3.39
Molecule1681,-2.18
Molecule1682,-3.05
Molecule1683,-3.68
Molecule1684,-1.66
Molecule1685,-3.42
Molecule1686,-0.83
Molecule1687,-3.35
Molecule1688,-3.41
Molecule1689,-4.19
Molecule1690,-3.64
Molecule1691,0.54
Molecule1692,-4.86
Molecule1693,1.14
Molecule1694,-5.14
Molecule1695,-4.15
Molecule1696,-4.23
Molecule1697,-2.52
Molecule1698,-4.76
Molecule1699,-4.11
Molecule1700,-5.54
Molecule1701,-3.09
Molecule1702,-2
Molecule1703,-4.1
Molecule1704,-3.37
Molecule1705,-2.42
Molecule1706,-1.44
Molecule1707,-4.86
Molecule1708,-3.9
